{
    "extensions": [
        {
            "type": "@WebInspector.PanelFactory",
            "name": "security",
            "title": "Security",
            "order": 80,
            "className": "WebInspector.SecurityPanelFactory"
        }
    ],
    "dependencies": ["network", "platform", "ui", "sdk"],
    "experiment": "securityPanel",
    "scripts": [
        "SecurityModel.js",
        "SecurityPanel.js"
    ],
    "resources": [
        "lockIcon.css",
        "mainView.css",
        "originView.css",
        "sidebar.css"
    ]
}
